date,tweet,username,nlikes,nreplies,nretweets,clean_tweet
2022-12-23 00:40:07,Nintendo eShop cards are 20% off at Costco:  https://t.co/DpHbVya59c  $50 for $39.99  https://t.co/F5R2VSmZGN,Nintendeal,105,3,19,nintendo eshop cards are  off at costco     for   
2022-12-22 22:49:57,"Shout out to the indie game genre ""If Nintendo won't make a sequel, I will instead."" One of my favorite genres.  Wario-like Anton Blast @Summitsphere Rhythm Heaven-like Melatonin @halfasleepgames DKC-like Kaze &amp; The Wild Masks @kazewildmasks Kururin-like Spinfrog @stdsomewhere  https://t.co/FuvXyO98rZ",antdude92,545,22,82,shout out to the indie game genre if nintendo wont make a sequel i will instead one of my favorite genres  wariolike anton blast summitsphere rhythm heavenlike melatonin halfasleepgames dkclike kaze amp the wild masks kazewildmasks kururinlike spinfrog stdsomewhere  
2022-12-22 21:28:06,"Kirby icons will be returning to Nintendo Switch Online! Kirby and the Forgotten Land icons will be available starting December 30th, and Dream Buffet icons will drop on December 28th! Be sure to grab them while they are available again!  https://t.co/u51VmFIWYV",KirbyInformer,513,5,69,kirby icons will be returning to nintendo switch online kirby and the forgotten land icons will be available starting december  and dream buffet icons will drop on december  be sure to grab them while they are available again  
2022-12-22 20:37:16,Super Mario Run Render Recreation  Made in #Blender3d   #supermario #mario #mariobros #nintendoswitch #art #3dart #3drender #render3d #blenderrender #games #videogames #nintendo #blender #blenderart #Nintendofanart #luigi #commissionsopen #commissions #recreation #remake  https://t.co/pLNx1SgIWa,ujiidow,98,2,23,super mario run render recreation  made in    supermario mario mariobros nintendoswitch art    blenderrender games videogames nintendo blender blenderart nintendofanart luigi commissionsopen commissions recreation remake  
2022-12-22 20:29:42,Nintendo Switch Online icons returning as part of a daily campaign  https://t.co/iQ1cbFZYpH  https://t.co/hYMLeCGpiW,GoNintendoTweet,190,5,24,nintendo switch online icons returning as part of a daily campaign    httpstcohymlecgpiw
2022-12-22 20:18:15,Nintendo Switch Online icons returning as daily special rewards  https://t.co/3qPRoaj7eQ  https://t.co/NSOlD7BDbE,NinEverything,345,11,34,nintendo switch online icons returning as daily special rewards    
2022-12-22 19:58:07,"In addition to this, told that before the Wolves left for the road trip, Rudy gifted all of the ball boys/girls with a Nintendo Switch and a game. Pretty cool move for a group of youngsters that hustle unnoticed.",JonKrawczynski,719,13,41,in addition to this told that before the wolves left for the road trip rudy gifted all of the ball boysgirls with a nintendo switch and a game pretty cool move for a group of youngsters that hustle unnoticed
2022-12-22 19:31:05,Club Nintendo and the Virtual Console will always be peak though üëå  https://t.co/jPotM23Nap,Aiden1291,142,8,26,club nintendo and the virtual console will always be peak though   
2022-12-22 18:36:43,"What I appreciate about the BAYC brand and universe being built is that it lacks ego. The way Nintendo games contrast to other popular franchises, it‚Äôs more about fun, whimsy, and adventure. Not delivering ‚Äúcool‚Äù or encouraging people to peacock.  https://t.co/VuuHxM8Xy1",BoredElonMusk,172,11,23,what i appreciate about the bayc brand and universe being built is that it lacks ego the way nintendo games contrast to other popular franchises its more about fun whimsy and adventure not delivering cool or encouraging people to peacock  
2022-12-22 18:17:51,If you love your games console. Your Nintendo or PlayStation or Xbox. That‚Äôs great. There are so many good games that help you enjoy life a little bit more. Your games machine is a wonderful thing.   But‚Ä¶ you don‚Äôt have to hate the other ones. Live and let live  Merry Christmas,Chris_Dring,168,19,16,if you love your games console your nintendo or playstation or xbox thats great there are so many good games that help you enjoy life a little bit more your games machine is a wonderful thing   but you dont have to hate the other ones live and let live  merry christmas
2022-12-22 18:11:44,"ClayFighter: Sculptor's Cut (Nintendo 64, 1998) Rough, Authentic, Tested &amp; Works Condition:Acceptable  https://t.co/F7KrO2THYi",AbusedGames,176,8,19,clayfighter sculptors cut nintendo   rough authentic tested amp works conditionacceptable  
2022-12-22 17:07:59,Advance Wars fans had it rough this year. Game really went from December 2021 to April 2022 to now we're gonna end 2022 and it still isn't out üíÄ  Also knowing that the game is already done cause someone got to play it early in April before Nintendo pulled it. Hopefully next year  https://t.co/hfOaeKWtPR,ActualAero,193,16,16,advance wars fans had it rough this year game really went from december  to april  to now were gonna end  and it still isnt out   also knowing that the game is already done cause someone got to play it early in april before nintendo pulled it hopefully next year  httpstcohfoaekwtpr
2022-12-22 17:00:31,Nintendo Gearing up for Holiday Season by Destroying Any Remaining Stock    https://t.co/WpLzwVhJ3D,HardDriveMag,1592,3,154,nintendo gearing up for holiday season by destroying any remaining stock    
2022-12-22 17:00:02,"Afterimage will be released on April 25, 2023 on Nintendo Switch, Xbox One, Xbox Series X|S, PS4|5, and PC! Check out our release date announcement trailer with brand new contents!  Wishlist now:  https://t.co/d9qNR82gux Discord:  https://t.co/3H0xBuF7EW #metroidvania #indiegames  https://t.co/0uJfBnIKyX",PlayAfterimage,269,8,79,afterimage will be released on april   on nintendo switch xbox one xbox series xs  and pc check out our release date announcement trailer with brand new contents  wishlist now   discord   metroidvania indiegames  
2022-12-22 16:59:30,Lottie once again tries to show Digby how much he means to her during the holidays.  And yet he still will never put two and two together somehow.  #AnimalCrossing #lottie #digby #toyday #Christmas #fanart #Nintendo #artists #ArtistOnTwitter  https://t.co/yvczCIfSJs,floofy_chu,96,10,31,lottie once again tries to show digby how much he means to her during the holidays  and yet he still will never put two and two together somehow  animalcrossing lottie digby toyday christmas fanart nintendo artists artistontwitter  httpstcoyvczcifsjs
2022-12-22 16:36:59,I hope these Nintendo franchises/games are ok...  I miss them ü•≤  https://t.co/9LHCDjaT9u,Aiden1291,180,8,35,i hope these nintendo franchisesgames are ok  i miss them   
2022-12-22 16:17:40,Stranger Things actor really wants Nintendo to make animated Zelda¬†movie  https://t.co/0l7k7xmF7d,MyNintendoNews,183,16,17,stranger things actor really wants nintendo to make animated zeldamovie  
2022-12-22 16:02:01,"Redeem your points and enjoy this sweet My Nintendo reward, an adorable Kirby Dream Buffet keychain!   https://t.co/pERRd2GA1C  https://t.co/BiE8mxrjRd",NintendoAmerica,3273,47,340,redeem your points and enjoy this sweet my nintendo reward an adorable kirby dream buffet keychain     
2022-12-22 16:01:21,"Happy anniversary to the launch of the original Mighty Switch Force on Nintendo 3DS! It's been 11 years since Officer Wagon first reported for duty, delivering eye-popping visuals and block-switching, crime-fighting, puzzle-platforming action! Justice served!  https://t.co/OYVwAoNTLN",WayForward,370,15,71,happy anniversary to the launch of the original mighty switch force on nintendo  its been  years since officer wagon first reported for duty delivering eyepopping visuals and blockswitching crimefighting puzzleplatforming action justice served  httpstcooyvwaontln
2022-12-22 16:00:01,Rosalina doodles ^o^ #Nintendo #SuperMario #MarioBros  https://t.co/jXYZlERG8C,ellenent,395,8,109,rosalina doodles o nintendo supermario mariobros  
